vehicle,upgrade,location,notes
AAC-58DW,"AAT-6V 4,4","Michigan, Smithville Dam",
AAC-58DW,Alto 4-110,"Almaty Region, Zherbai Quarries",
AAC-58DW,Alto 6-190,"Almaty Region, Zherbai Quarries",
AAC-58DW,Fine-tune,"Wisconsin, Grainwoods River",
AAC-58DW,Freeway,"Michigan, Smithville Dam",
AAC-58DW,"Het/6V 5,0","Michigan, Island Lake",
AAC-58DW,Raised,"Almaty Region, Zherbai Quarries",
AAC-58DW,SnowRunner,"Michigan, Black River",
AAC-58DW,Special,"Almaty Region, Zherbai Quarries",
ANK MK38,A12V-850TTA,"Michigan, Drummond Island",
ANK MK38,Active,"Yukon, Big Salmon Peak",
ANK MK38,Fine-tune,"Wisconsin, Black Badger Lake",
ANK MK38,Highrange,"Alaska, Mountain River",
ANK MK38,Offroad,"Michigan, Drummond Island",
ANK MK38,Raised,"Alaska, Pedro Bay",
ANK MK38,Tuned Custom,"Yukon, Flooded Foothills",
ANK MK38,Westline V12 M900,"Alaska, White Valley",
ANK MK38 CIVILIAN,A12V-850TTA,"Michigan, Drummond Island",
ANK MK38 CIVILIAN,Fine-tune,"Wisconsin, Black Badger Lake",
ANK MK38 CIVILIAN,Highrange,"Alaska, Mountain River",
ANK MK38 CIVILIAN,Offroad,"Michigan, Drummond Island",
ANK MK38 CIVILIAN,Westline V12 M900,"Alaska, White Valley",
Ankatra 1160,Advanced Special,"Alaska, Pedro Bay",
Ankatra 1160,Fine-tune,"Wisconsin, Grainwoods River",
Ankatra 1160,METRA V52-D85,"Austria, Unterfeld",
Aramatsu Forester,Advanced Special,"Alaska, Pedro Bay",
Aramatsu Forester,Fine-tune,"Wisconsin, Grainwoods River",
Aramatsu Forester,Gb-8V 2600TTA,"Alaska, North Port",
Aramatsu Forester,Gb-8V 2700T,"Alaska, Mountain River",
Azov 42-20 Antarctic,Advanced Special,"Alaska, Pedro Bay",
Azov 42-20 Antarctic,Fine-tune,"Wisconsin, Grainwoods River",
Azov 42-20 Antarctic,IMZ-8 520 AT,"Taymyr, Drowned Lands",
Azov 42-20 Antarctic,KZGT-8 530 T,"Taymyr, Zimnegorsk",
"Azov 43-191""Sprinter""","Azov AM-8 15,3","Taymyr, Quarry",
"Azov 43-191""Sprinter""","Azov AM-8 16,1","Taymyr, Zimnegorsk",
"Azov 43-191""Sprinter""",Azov SAM-8 14,"Tennessee, Burning Mill",
"Azov 43-191""Sprinter""",Fine-tune,"Wisconsin, Black Badger Lake",
"Azov 43-191""Sprinter""",Highrange,"Alaska, Mountain River",
"Azov 43-191""Sprinter""",Offroad,"Michigan, Drummond Island",
"Azov 43-191""Sprinter""",Sport,"Tennessee, Burning Mill",
Azov 5319,"Azov AM-8 15,3","Taymyr, Quarry",
Azov 5319,"Azov AM-8 16,1","Taymyr, Zimnegorsk",
Azov 5319,Fine-tune,"Wisconsin, Black Badger Lake",
Azov 5319,Highrange,"Alaska, Mountain River",
Azov 5319,Offroad,"Michigan, Drummond Island",
Azov 64131,Advanced Special,"Alaska, Pedro Bay",
Azov 64131,"Azov AM-8 15,3","Taymyr, Quarry",
Azov 64131,"Azov AM-8 16,1","Taymyr, Zimnegorsk",
Azov 64131,Fine-tune,"Wisconsin, Grainwoods River",
"Azov 67096""Atom""",Advanced Special,"Alaska, Pedro Bay",
"Azov 67096""Atom""","Azov AM-8 15,3","Taymyr, Quarry",
"Azov 67096""Atom""","Azov AM-8 16,1","Taymyr, Zimnegorsk",
"Azov 67096""Atom""",Fine-tune,"Wisconsin, Grainwoods River",
"Azov 67096""Atom""","IMZ-8 17,0T","Amur, Cosmodrome",
Azov 73210,Active,"Amur, Chernokamensk",
Azov 73210,Advanced Special,"Alaska, Pedro Bay",
Azov 73210,Fine-tune,"Wisconsin, Grainwoods River",
Azov 73210,IMZ-8 520 AT,"Taymyr, Drowned Lands",
Azov 73210,KZGT-8 530 T,"Taymyr, Zimnegorsk",
BOAR 45318,Engageable,"Wisconsin, Black Badger Lake",
BOAR 45318,Fine-tune,"Wisconsin, Black Badger Lake",
BOAR 45318,Highrange,"Alaska, Mountain River",
BOAR 45318,IMZ-8 520 AT,"Taymyr, Drowned Lands",
BOAR 45318,KZGT-8 530 T,"Taymyr, Zimnegorsk",
BOAR 45318,Offroad,"Michigan, Drummond Island",
BOAR 45318,Raised,"Wisconsin, Grainwoods River",
Burlak 6x6,Highrange,"Scandinavia, By The Lake",
Caterpillar 745C,Advanced Special,"Alaska, Pedro Bay",
Caterpillar 745C,Fine-tune,"Wisconsin, Grainwoods River",
Caterpillar 745C,Westline V16 M2300,"Alaska, North Port",
Caterpillar 745C,Westline V16 M2450,"Alaska, Pedro Bay",
Caterpillar 770G,Advanced Special,"Alaska, Pedro Bay",
Caterpillar 770G,Fine-tune,"Wisconsin, Grainwoods River",
Caterpillar 770G,Westline V16 M2300,"Alaska, North Port",
Caterpillar 770G,Westline V16 M2450,"Alaska, Pedro Bay",
Caterpillar CT680,Engageable AWD,"Alaska, North Port",
Caterpillar CT680,Fine-tune,"Wisconsin, Black Badger Lake",
Caterpillar CT680,Gb-8V 2600TTA,"Alaska, North Port",
Caterpillar CT680,Gb-8V 2700T,"Alaska, Mountain River",
Caterpillar CT680,Highrange,"Alaska, Mountain River",
Caterpillar CT680,Metal Detector Module,"Kola Peninsula, Imandra",
Caterpillar CT680,Offroad,"Michigan, Drummond Island",
Caterpillar CT681,Fine-tune,"Wisconsin, Black Badger Lake",
Caterpillar CT681,Gb-8V 2600TTA,"Alaska, North Port",
Caterpillar CT681,Gb-8V 2700T,"Alaska, Mountain River",
Caterpillar CT681,Highrange,"Alaska, Mountain River",
Caterpillar CT681,Offroad,"Michigan, Drummond Island",
Caterpillar TH357,Advanced Special,"Alaska, Pedro Bay",
Caterpillar TH357,Fine-tune,"Wisconsin, Grainwoods River",
Chevrolet Apache,"AAT-6V 4,4","Michigan, Smithville Dam",
Chevrolet Apache,"AAT-8V 5,2 Custom","Michigan, Black River",
Chevrolet Apache,Fine-tune,"Wisconsin, Grainwoods River",
Chevrolet Apache,Freeway,"Michigan, Smithville Dam",
Chevrolet Apache,"Het/6V 5,0","Michigan, Island Lake",
Chevrolet Apache,SnowRunner,"Michigan, Black River",
Chevrolet CK1500,"AAT-6V 4,4","Michigan, Smithville Dam",
Chevrolet CK1500,"AAT-8V 5,2 Custom","Michigan, Black River",
Chevrolet CK1500,Engageable,"Michigan, Smithville Dam",
Chevrolet CK1500,Fine-tune,"Wisconsin, Grainwoods River",
Chevrolet CK1500,Freeway,"Michigan, Smithville Dam",
Chevrolet CK1500,"Het/6V 5,0","Michigan, Island Lake",
Chevrolet CK1500,Raised,"Michigan, Black River",
Chevrolet CK1500,SnowRunner,"Michigan, Black River",
Chevrolet Kodiak C70,Engageable AWD,"Alaska, Mountain River",
Chevrolet Kodiak C70,Fine-tune,"Wisconsin, Black Badger Lake",
Chevrolet Kodiak C70,Highrange,"Alaska, Mountain River",
Chevrolet Kodiak C70,Metal Detector Module,"Kola Peninsula, Imandra",
Chevrolet Kodiak C70,Offroad,"Michigan, Drummond Island",
Chevrolet Kodiak C70,Raised,"Michigan, Island Lake",
Chevrolet Kodiak C70,Si-6V/2100T,"Michigan, Black River",
DAN 96320,Active,"Maine, Yellowrock National Forest",
DAN 96320,Advanced Special,"Alaska, Pedro Bay",
DAN 96320,Fine-tune,"Wisconsin, Grainwoods River",
DAN 96320,IMZ-8 520 AT,"Taymyr, Drowned Lands",
DAN 96320,KZGT-8 530 T,"Taymyr, Zimnegorsk",
DON 71,Fine-tune,"Wisconsin, Grainwoods River",
DON 71,Freeway,"Michigan, Smithville Dam",
DON 71,Kr 'Kastom' 160,"Amur, Northern Aegis Installation",
DON 71,Kr 115,"Taymyr, Drowned Lands",
DON 71,Kr 120-MM,"Taymyr, Quarry",
DON 71,Raised,"Taymyr, Drowned Lands",
DON 71,SnowRunner,"Michigan, Black River",
DON 71,Tuned Custom,"Taymyr, Quarry",
Derry Longhorn 3194,A12V-850TTA,"Michigan, Drummond Island",
Derry Longhorn 3194,Fine-tune,"Wisconsin, Black Badger Lake",
Derry Longhorn 3194,Highrange,"Alaska, Mountain River",
Derry Longhorn 3194,Offroad,"Michigan, Drummond Island",
Derry Longhorn 3194,Westline V12 M900,"Alaska, White Valley",
Derry Longhorn 4520,Fine-tune,"Wisconsin, Black Badger Lake",
Derry Longhorn 4520,Gb-8V 2600TTA,"Alaska, North Port",
Derry Longhorn 4520,Gb-8V 2700T,"Alaska, Mountain River",
Derry Longhorn 4520,Gb-8V 3200,"Maine, Yellowrock National Forest",
Derry Longhorn 4520,Highrange,"Alaska, Mountain River",
Derry Longhorn 4520,Offroad,"Michigan, Drummond Island",
Derry Special 15C-177,Active,"Ontario, The Albany River",
Derry Special 15C-177,Advanced Special,"Alaska, Pedro Bay",
Derry Special 15C-177,Fine-tune,"Wisconsin, Grainwoods River",
Derry Special 15C-177,Gb-8V 3500T,"Ontario, Burned Forest",
Derry Special 15C-177,Multipurpose,"Yukon, Big Salmon Peak",
Derry Special 15C-177,Westline V16 M2300,"Alaska, North Port",
Derry Special 15C-177,Westline V16 M2450,"Alaska, Pedro Bay",
EarthRoamer LTi,Fine-tune,"Wisconsin, Grainwoods River",
EarthRoamer LTi,Freeway,"Michigan, Smithville Dam",
EarthRoamer LTi,"Het/8V 6,2","Alaska, North Port",
EarthRoamer LTi,"Het/8V 6,2T","Alaska, White Valley",
EarthRoamer LTi,Raised,"Austria, Unterfeld",
EarthRoamer LTi,SnowRunner,"Michigan, Black River",
EarthRoamer SX,Fine-tune,"Wisconsin, Grainwoods River",
EarthRoamer SX,Freeway,"Michigan, Smithville Dam",
EarthRoamer SX,"Het/8V 6,2","Alaska, North Port",
EarthRoamer SX,"Het/8V 6,2T","Alaska, White Valley",
EarthRoamer SX,Raised,"Austria, Foothills",
EarthRoamer SX,SnowRunner,"Michigan, Black River",
FEMM 37-AT,Advanced Special,"Alaska, Pedro Bay",
FEMM 37-AT,Engageable,"North Carolina, Flatland",
FEMM 37-AT,Fine-tune,"Wisconsin, Grainwoods River",
FEMM 37-AT,IMZ-8 520 AT,"Taymyr, Drowned Lands",
FEMM 37-AT,KZGT-8 530 T,"Taymyr, Zimnegorsk",
FEMM 37-AT,SBR6-250-R1,"North Carolina, Reactive Zone",
FEMM 37-AT,SBR6-250-R2,"North Carolina, Oviro Hills",
Fleetstar F2070A,Engageable AWD,"Michigan, Black River",
Fleetstar F2070A,Fine-tune,"Wisconsin, Black Badger Lake",
Fleetstar F2070A,Highrange,"Alaska, Mountain River",
Fleetstar F2070A,Metal Detector Module,"Kola Peninsula, Imandra",
Fleetstar F2070A,Offroad,"Michigan, Drummond Island",
Fleetstar F2070A,Raised,"Michigan, Black River",
Fleetstar F2070A,Si-6V/2100T,"Michigan, Black River",
Fleetstar F2070A,Westline V6 2350T,"Alaska, Mountain River",
Ford CLT9000,Fine-tune,"Wisconsin, Black Badger Lake",
Ford CLT9000,Gb-6V 2400A,"Michigan, Island Lake",
Ford CLT9000,Highrange,"Alaska, Mountain River",
Ford CLT9000,Metal Detector Module,"Kola Peninsula, Imandra",
Ford CLT9000,Offroad,"Michigan, Drummond Island",
Ford CLT9000,Raised,"Alaska, North Port",
Ford CLT9000,Si-6V/2100T,"Michigan, Black River",
Ford F 750,"AAT-6V 4,4","Michigan, Smithville Dam",
Ford F 750,Engageable AWD,"Kola Peninsula, Lake Kovd",
Ford F 750,"Het/10V 6,6","Kola Peninsula, Imandra",
Ford F 750,"Het/6V 5,0","Michigan, Island Lake",
Ford F 750,Raised,"Kola Peninsula, Lake Kovd",
Ford F 750,Tuned Custom,"Kola Peninsula, Lake Kovd",
Freightliner 114SD,Engageable AWD,"Alaska, White Valley",
Freightliner 114SD,Fine-tune,"Wisconsin, Black Badger Lake",
Freightliner 114SD,Highrange,"Alaska, Mountain River",
Freightliner 114SD,Metal Detector Module,"Kola Peninsula, Imandra",
Freightliner 114SD,Offroad,"Michigan, Drummond Island",
Freightliner 114SD,Raised,"Alaska, White Valley",
Freightliner 114SD,Si-6V/2100T,"Michigan, Black River",
Freightliner M916A1,Fine-tune,"Maine, Yellowrock National Forest",
Freightliner M916A1,Gb-8V 2600TTA,"Alaska, North Port",
Freightliner M916A1,Gb-8V 2700T,"Alaska, Mountain River",
Freightliner M916A1,Raised,"Alaska, North Port",
Futom 7290RA,Advanced Special,"Alaska, Pedro Bay",
Futom 7290RA,Fine-tune,"Wisconsin, Grainwoods River",
Futom 7290RA,Pass 530L14,"Austria, Foothills",
GMC Brigadier 8000,Fine-tune,"Wisconsin, Black Badger Lake",
GMC Brigadier 8000,Highrange,"Alaska, Mountain River",
GMC Brigadier 8000,Metal Detector Module,"Kola Peninsula, Imandra",
GMC Brigadier 8000,Offroad,"Michigan, Drummond Island",
GMC Brigadier 8000,Si-6V/2100T,"Michigan, Black River",
GMC MH9500,Engageable,"Michigan, Smithville Dam",
GMC MH9500,Engageable AWD,"Kola Peninsula, Lake Kovd",
GMC MH9500,Fine-tune,"Wisconsin, Black Badger Lake",
GMC MH9500,Highrange,"Alaska, Mountain River",
GMC MH9500,Metal Detector Module,"Kola Peninsula, Imandra",
GMC MH9500,Offroad,"Michigan, Drummond Island",
GMC MH9500,Raised,"Michigan, Black River",
GMC MH9500,Si-6V/2100T,"Michigan, Black River",
Gor BY-4,Engageable,"Tennessee, Burning Mill",
Gor BY-4,Fine-tune,"Wisconsin, Grainwoods River",
Gor BY-4,Freeway,"Michigan, Smithville Dam",
Gor BY-4,Kr 'Kastom' 160,"Amur, Northern Aegis Installation",
Gor BY-4,Kr 115,"Taymyr, Drowned Lands",
Gor BY-4,Kr 120-MM,"Taymyr, Quarry",
Gor BY-4,Raised,"Tennessee, Burning Mill",
Gor BY-4,SnowRunner,"Michigan, Black River",
Hummer H2,Engageable,"Alaska, North Port",
Hummer H2,Fine-tune,"Wisconsin, Grainwoods River",
Hummer H2,Freeway,"Michigan, Smithville Dam",
Hummer H2,"Het/8V 6,2","Alaska, North Port",
Hummer H2,"Het/8V 6,2T","Alaska, White Valley",
Hummer H2,Raised,"Alaska, North Port",
Hummer H2,SnowRunner,"Michigan, Black River",
International HX 520,Fine-tune,"Wisconsin, Black Badger Lake",
International HX 520,Gb-8V 2600TTA,"Alaska, North Port",
International HX 520,Gb-8V 2700T,"Alaska, Mountain River",
International HX 520,Highrange,"Alaska, Mountain River",
International HX 520,Offroad,"Michigan, Drummond Island",
International Loadstar 1700,Fine-tune,"Wisconsin, Black Badger Lake",
International Loadstar 1700,Highrange,"Alaska, Mountain River",
International Loadstar 1700,Offroad,"Michigan, Drummond Island",
International Loadstar 1700,Raised,"Alaska, Mountain River",
International Loadstar 1700,Si-6V/2100T,"Michigan, Black River",
International Paystar 5070,Fine-tune,"Wisconsin, Black Badger Lake",
International Paystar 5070,Highrange,"Alaska, Mountain River",
International Paystar 5070,Metal Detector Module,"Kola Peninsula, Imandra",
International Paystar 5070,Offroad,"Michigan, Drummond Island",
International Paystar 5070,Raised,"Alaska, White Valley",
International Paystar 5600TS,Engageable,"Wisconsin, Grainwoods River",
International Paystar 5600TS,Engageable AWD,"Wisconsin, Black Badger Lake",
International Paystar 5600TS,Fine-tune,"Wisconsin, Black Badger Lake",
International Paystar 5600TS,Highrange,"Alaska, Mountain River",
International Paystar 5600TS,Offroad,"Michigan, Drummond Island",
International Paystar 5600TS,Raised,"Wisconsin, Black Badger Lake",
International Paystar 5600TS,Westline V16 M2300,"Alaska, North Port",
International Paystar 5600TS,Westline V16 M2450,"Alaska, Pedro Bay",
International Transtar 4070A,Fine-tune,"Wisconsin, Black Badger Lake",
International Transtar 4070A,Highrange,"Alaska, Mountain River",
International Transtar 4070A,Metal Detector Module,"Kola Peninsula, Imandra",
International Transtar 4070A,Offroad,"Michigan, Drummond Island",
International Transtar 4070A,Raised,"Maine, The Lowlands",
International Transtar 4070A,Si-6V/2100T,"Michigan, Black River",
International Transtar 4070A,Si-6V/2380,"Michigan, Smithville Dam",
Jeep CJ7 Renegade,"AAT-6V 4,4","Michigan, Smithville Dam",
Jeep CJ7 Renegade,Fine-tune,"Wisconsin, Grainwoods River",
Jeep CJ7 Renegade,Freeway,"Michigan, Smithville Dam",
Jeep CJ7 Renegade,"Het/6V 5,0","Michigan, Island Lake",
Jeep CJ7 Renegade,SnowRunner,"Michigan, Black River",
Jeep Wrangler,Fine-tune,"Wisconsin, Grainwoods River",
Jeep Wrangler,Freeway,"Michigan, Smithville Dam",
Jeep Wrangler,"Het/8V 6,2","Alaska, North Port",
Jeep Wrangler,"Het/8V 6,2T","Alaska, White Valley",
Jeep Wrangler,SnowRunner,"Michigan, Black River",
KHAN 317 Sentinel,Azov AM-4v 146,"Taymyr, Rift",
KHAN 317 Sentinel,Azov AM-4v 160,"Taymyr, Zimnegorsk",
KHAN 317 Sentinel,Fine-tune,"Wisconsin, Grainwoods River",
KHAN 317 Sentinel,Freeway,"Michigan, Smithville Dam",
KHAN 317 Sentinel,Raised,"Amur, Urska River",
KHAN 317 Sentinel,SnowRunner,"Michigan, Black River",
KHAN 317 Sentinel,Tuned Custom,"Amur, Chernokamensk",
KHAN 39 Marshall,Azov AM-4v 146,"Taymyr, Rift",
KHAN 39 Marshall,Azov AM-4v 160,"Taymyr, Zimnegorsk",
KHAN 39 Marshall,Fine-tune,"Wisconsin, Grainwoods River",
KHAN 39 Marshall,Freeway,"Michigan, Smithville Dam",
KHAN 39 Marshall,Kr 'Kastom' 160,"Amur, Northern Aegis Installation",
KHAN 39 Marshall,Kr 115,"Taymyr, Drowned Lands",
KHAN 39 Marshall,Kr 120-MM,"Taymyr, Quarry",
KHAN 39 Marshall,SnowRunner,"Michigan, Black River",
KHAN Lo4F,Fine-tune,"Wisconsin, Grainwoods River",
KHAN Lo4F,Freeway,"Michigan, Smithville Dam",
KHAN Lo4F,Kr 'Kastom' 160,"Amur, Northern Aegis Installation",
KHAN Lo4F,Kr 115,"Taymyr, Drowned Lands",
KHAN Lo4F,Kr 120-MM,"Taymyr, Quarry",
KHAN Lo4F,Raised,"Taymyr, Drowned Lands",
KHAN Lo4F,SnowRunner,"Michigan, Black River",
KOLOB 74760,Active,"Yukon, Big Salmon Peak",
KOLOB 74760,Advanced Special,"Alaska, Pedro Bay",
KOLOB 74760,Fine-tune,"Wisconsin, Grainwoods River",
KOLOB 74760,IMZ-8 520 AT,"Taymyr, Drowned Lands",
KOLOB 74760,KZGT-8 530 T,"Taymyr, Zimnegorsk",
KOLOB 74760,Multipurpose,"Yukon, Big Salmon Peak",
KOLOB 74941,Active,"Yukon, Flooded Foothills",
KOLOB 74941,Advanced Special,"Alaska, Pedro Bay",
KOLOB 74941,Fine-tune,"Wisconsin, Grainwoods River",
KOLOB 74941,IMZ-8 520 AT,"Taymyr, Drowned Lands",
KOLOB 74941,KZGT-8 530 T,"Taymyr, Zimnegorsk",
KOLOB 74941,Multipurpose,"Yukon, Big Salmon Peak",
"KRS 58""Bandit""",Fine-tune,"Wisconsin, Black Badger Lake",
"KRS 58""Bandit""",Highrange,"Alaska, Mountain River",
"KRS 58""Bandit""",IMZ-6 210,"Taymyr, Quarry",
"KRS 58""Bandit""",LAZ 6 T195,"Taymyr, Rift",
"KRS 58""Bandit""",LAZ 6 TA240,"Yukon, Flooded Foothills",
"KRS 58""Bandit""",Offroad,"Michigan, Drummond Island",
Kenworth 963,Advanced Special,"Alaska, Pedro Bay",
Kenworth 963,Fine-tune,"Wisconsin, Grainwoods River",
Kenworth 963,H6 15.OL Wanderer,"British Columbia, Duncan Bay",
Kenworth C500,Fine-tune,"Wisconsin, Black Badger Lake",
Kenworth C500,Gb-8V 2600TTA,"Alaska, North Port",
Kenworth C500,Gb-8V 2700T,"Alaska, Mountain River",
Kenworth C500,Highrange,"Alaska, Mountain River",
Kenworth C500,Offroad,"Michigan, Drummond Island",
Kenworth T880,Fine-tune,"Wisconsin, Black Badger Lake",
Kenworth T880,Highrange,"Alaska, Mountain River",
Kenworth T880,Offroad,"Michigan, Drummond Island",
Kenworth W990,Fine-tune,"Wisconsin, Black Badger Lake",
Kenworth W990,Gb-8V 2600TTA,"Alaska, North Port",
Kenworth W990,Gb-8V 2700T,"Alaska, Mountain River",
Kenworth W990,Highrange,"Alaska, Mountain River",
Kenworth W990,Offroad,"Michigan, Drummond Island",
Kirovets K-700,Advanced Special,"Alaska, Pedro Bay",
Kirovets K-700,Fine-tune,"Wisconsin, Grainwoods River",
Kirovets K-700,IMZ-8 520 AT,"Belozersk Glades, Crossroads",
Kirovets K-700,KZGT-8 530 T,"Belozersk Glades, The Institute",
Kirovets K-7M,Advanced Special,"Alaska, Pedro Bay",
Kirovets K-7M,DAN-8C 370,"Belozersk Glades, Heartlands",
Kirovets K-7M,Fine-tune,"Wisconsin, Grainwoods River",
Kirovets K-7M,KZGT-8 420T,"Belozersk Glades, Harvestcorp",
Kirovets K-7M,MSH II,"Belozersk Glades, Heartlands",
Land Rover Defender 110,Fine-tune,"Wisconsin, Grainwoods River",
Land Rover Defender 110,Freeway,"Michigan, Smithville Dam",
Land Rover Defender 110,"Het/8V 6,2","Alaska, North Port",
Land Rover Defender 110,"Het/8V 6,2T","Alaska, White Valley",
Land Rover Defender 110,SnowRunner,"Michigan, Black River",
Land Rover Defender 90,Fine-tune,"Wisconsin, Grainwoods River",
Land Rover Defender 90,Freeway,"Michigan, Smithville Dam",
Land Rover Defender 90,"Het/8V 6,2","Alaska, North Port",
Land Rover Defender 90,"Het/8V 6,2T","Alaska, White Valley",
Land Rover Defender 90,SnowRunner,"Michigan, Black River",
MTB 8106 (Rock Grinder),"AAT-6V 4,4","Michigan, Smithville Dam",
MTB 8106 (Rock Grinder),Crawler,"North Carolina, Pineline Bay",
MTB 8106 (Rock Grinder),Engageable,"North Carolina, Oviro Hills",
MTB 8106 (Rock Grinder),Fine-tune,"Wisconsin, Grainwoods River",
MTB 8106 (Rock Grinder),Freeway,"Michigan, Smithville Dam",
MTB 8106 (Rock Grinder),GForce-4V 11.0T,"North Carolina, Flatland",
MTB 8106 (Rock Grinder),"Het/6V 5,0","Michigan, Island Lake",
MTB 8106 (Rock Grinder),Raised,"North Carolina, Reactive Zone",
MTB 8106 (Rock Grinder),SnowRunner,"Michigan, Black River",
Mack Defense M917,Fine-tune,"Wisconsin, Black Badger Lake",
Mack Defense M917,Highrange,"Alaska, Mountain River",
Mack Defense M917,MC-V8 13.OT,"British Columbia, Duncan Bay",
Mack Defense M917,MC-V8 FuelMiser,"British Columbia, North Peak National Park",
Mack Defense M917,Offroad,"Michigan, Drummond Island",
Mack Pinnacle,Fine-tune,"Wisconsin, Black Badger Lake",
Mack Pinnacle,Highrange,"Alaska, Mountain River",
Mack Pinnacle,MC-V8 13.OT,"British Columbia, Duncan Bay",
Mack Pinnacle,MC-V8 FuelMiser,"British Columbia, North Peak National Park",
Mack Pinnacle,Offroad,"Michigan, Drummond Island",
Mack TerraPro,Fine-tune,"Wisconsin, Black Badger Lake",
Mack TerraPro,Highrange,"Alaska, Mountain River",
Mack TerraPro,MC-V8 13.OT,"British Columbia, Duncan Bay",
Mack TerraPro,MC-V8 FuelMiser,"British Columbia, North Peak National Park",
Mack TerraPro,Offroad,"Michigan, Drummond Island",
Mercer K520,CIMA 5-520,"Quebec, Lake Ribiere",
Mercer K520,Fine-tune,"Wisconsin, Black Badger Lake",
Mercer K520,Highrange,"Alaska, Mountain River",
Mercer K520,Offroad,"Michigan, Drummond Island",
Mercer K520,Raised,"Quebec, Lake Ribiere",
Mercer K520,Si-6V/2100T,"Michigan, Black River",
Navistar 5000-MV,Fine-tune,"Wisconsin, Black Badger Lake",
Navistar 5000-MV,Highrange,"Alaska, Mountain River",
Navistar 5000-MV,Offroad,"Michigan, Drummond Island",
Neo Falcon 2000,"AAT-6V 4,4","Michigan, Smithville Dam",
Neo Falcon 2000,Fine-tune,"Wisconsin, Grainwoods River",
Neo Falcon 2000,Freeway,"Michigan, Smithville Dam",
Neo Falcon 2000,"Het/6V 5,0","Michigan, Island Lake",
Neo Falcon 2000,Raised,"Scandinavia, Mountain Ridge",
Neo Falcon 2000,SnowRunner,"Michigan, Black River",
PLAD 450,A12V-850TTA,"Michigan, Drummond Island",
PLAD 450,Advanced Special,"Alaska, Pedro Bay",
PLAD 450,Datz 12-513C,"Almaty Region, Zherbai Quarries",
PLAD 450,Fanis 19-450KT,"Almaty Region, Zherbai Quarries",
PLAD 450,Fine-tune,"Wisconsin, Grainwoods River",
PLAD 450,Multipurpose,"Almaty Region, Zherbai Quarries",
PLAD 450,Westline V12 M900,"Alaska, White Valley",
Pacific P12,A12V-850TTA,"Michigan, Drummond Island",
Pacific P12,Advanced Special,"Alaska, Pedro Bay",
Pacific P12,Fine-tune,"Wisconsin, Grainwoods River",
Pacific P12,Metal Detector Module,"Kola Peninsula, Imandra",
Pacific P12,Westline V12 M900,"Alaska, White Valley",
Pacific P16,A12V-850TTA,"Michigan, Drummond Island",
Pacific P16,Advanced Special,"Alaska, Pedro Bay",
Pacific P16,Fine-tune,"Wisconsin, Grainwoods River",
Pacific P16,Westline V12 M900,"Alaska, White Valley",
Pacific P512 PF,A12V-850TTA,"Michigan, Drummond Island",
Pacific P512 PF,Fine-tune,"Wisconsin, Black Badger Lake",
Pacific P512 PF,Highrange,"Alaska, Mountain River",
Pacific P512 PF,Metal Detector Module,"Kola Peninsula, Imandra",
Pacific P512 PF,Offroad,"Michigan, Drummond Island",
Pacific P512 PF,Westline V12 M900,"Alaska, White Valley",
Rezvani Hercules 6x6,Fine-tune,"Wisconsin, Grainwoods River",
Rezvani Hercules 6x6,Freeway,"Michigan, Smithville Dam",
Rezvani Hercules 6x6,"Het/8V 6,2","Alaska, North Port",
Rezvani Hercules 6x6,"Het/8V 6,2T","Alaska, White Valley",
Rezvani Hercules 6x6,SnowRunner,"Michigan, Black River",
Rezvani Tank,Fine-tune,"Wisconsin, Grainwoods River",
Rezvani Tank,Freeway,"Michigan, Smithville Dam",
Rezvani Tank,"Het/8V 6,2","Alaska, North Port",
Rezvani Tank,"Het/8V 6,2T","Alaska, White Valley",
Rezvani Tank,SnowRunner,"Michigan, Black River",
Royal BM17,Fine-tune,"Wisconsin, Black Badger Lake",
Royal BM17,Gb-8V 2600TTA,"Alaska, North Port",
Royal BM17,Gb-8V 2700T,"Alaska, Mountain River",
Royal BM17,Highrange,"Alaska, Mountain River",
Royal BM17,Metal Detector Module,"Kola Peninsula, Imandra",
Royal BM17,Offroad,"Michigan, Drummond Island",
Royal BM17,Raised,"Alaska, Pedro Bay",
Scout 800,"AAT-6V 4,4","Michigan, Smithville Dam",
Scout 800,Fine-tune,"Wisconsin, Grainwoods River",
Scout 800,Freeway,"Michigan, Smithville Dam",
Scout 800,"Het/6V 5,0","Michigan, Island Lake",
Scout 800,Raised,"Michigan, Smithville Dam",
Scout 800,SnowRunner,"Michigan, Black River",
"Sleiter ST 816""Elephant""",A12V-850TTA,"Michigan, Drummond Island",
"Sleiter ST 816""Elephant""",Active,"Quebec, Harbor",
"Sleiter ST 816""Elephant""",Advanced Special,"Alaska, Pedro Bay",
"Sleiter ST 816""Elephant""",Fine-tune,"Wisconsin, Grainwoods River",
"Sleiter ST 816""Elephant""",Tb-12V 816,"Quebec, Harbor",
"Sleiter ST 816""Elephant""",Westline V12 M900,"Alaska, White Valley",
Step 310M,Fine-tune,"Wisconsin, Black Badger Lake",
Step 310M,Highrange,"Alaska, Mountain River",
Step 310M,IMZ-6 210,"Taymyr, Quarry",
Step 310M,LAZ 6 T195,"Taymyr, Rift",
Step 310M,LAZ 6 TA240,"Yukon, Flooded Foothills",
Step 310M,Metal Detector Module,"Kola Peninsula, Imandra",
Step 310M,Offroad,"Michigan, Drummond Island",
Step 310M,Raised,"Taymyr, Zimnegorsk",
"Step 33-64""Crocodile""",Fine-tune,"Wisconsin, Black Badger Lake",
"Step 33-64""Crocodile""",Highrange,"Alaska, Mountain River",
"Step 33-64""Crocodile""",IMZ-6 210,"Taymyr, Quarry",
"Step 33-64""Crocodile""",LAZ 6 T195,"Taymyr, Rift",
"Step 33-64""Crocodile""",LAZ 6 TA240,"Yukon, Flooded Foothills",
"Step 33-64""Crocodile""",Offroad,"Michigan, Drummond Island",
"Step 39331""Pike""",Fine-tune,"Wisconsin, Black Badger Lake",
"Step 39331""Pike""",Highrange,"Alaska, Mountain River",
"Step 39331""Pike""",IMZ-6 210,"Taymyr, Quarry",
"Step 39331""Pike""",LAZ 6 T195,"Taymyr, Rift",
"Step 39331""Pike""",LAZ 6 TA240,"Yukon, Flooded Foothills",
"Step 39331""Pike""",Offroad,"Michigan, Drummond Island",
"TUZ 108""Warthog""",Active,"Kola Peninsula, Imandra",
"TUZ 108""Warthog""","Azov AM-8 15,3","Taymyr, Quarry",
"TUZ 108""Warthog""","Azov AM-8 16,1","Taymyr, Zimnegorsk",
"TUZ 108""Warthog""",Fine-tune,"Wisconsin, Black Badger Lake",
"TUZ 108""Warthog""",Highrange,"Alaska, Mountain River",
"TUZ 108""Warthog""",Offroad,"Michigan, Drummond Island",
"TUZ 108""Warthog""",Raised,"Kola Peninsula, Imandra",
"TUZ 16""Actaeon""",Fine-tune,"Wisconsin, Black Badger Lake",
"TUZ 16""Actaeon""",Highrange,"Alaska, Mountain River",
"TUZ 16""Actaeon""",IMZ-6 210,"Taymyr, Quarry",
"TUZ 16""Actaeon""",LAZ 6 T195,"Taymyr, Rift",
"TUZ 16""Actaeon""",LAZ 6 TA240,"Yukon, Flooded Foothills",
"TUZ 16""Actaeon""",Offroad,"Michigan, Drummond Island",
"TUZ 16""Actaeon""",Raised,"Kola Peninsula, Lake Kovd",
TUZ 166,Fine-tune,"Wisconsin, Grainwoods River",
TUZ 166,Freeway,"Michigan, Smithville Dam",
TUZ 166,Kr 'Kastom' 160,"Amur, Northern Aegis Installation",
TUZ 166,Kr 115,"Taymyr, Drowned Lands",
TUZ 166,Kr 120-MM,"Taymyr, Quarry",
TUZ 166,Raised,"Taymyr, Drowned Lands",
TUZ 166,SnowRunner,"Michigan, Black River",
TUZ 166,Tuned Custom,"Taymyr, Quarry",
"TUZ 420""Tatarin""",Advanced Special,"Alaska, Pedro Bay",
"TUZ 420""Tatarin""",Fine-tune,"Wisconsin, Grainwoods River",
Tatra 805,Fine-tune,"Wisconsin, Black Badger Lake",
Tatra 805,Highrange,"Alaska, Mountain River",
Tatra 805,IMZ-6 210,"Taymyr, Quarry",
Tatra 805,LAZ 6 T195,"Taymyr, Rift",
Tatra 805,LAZ 6 TA240,"Yukon, Flooded Foothills",
Tatra 805,Offroad,"Michigan, Drummond Island",
Tatra FORCE T815-7,Advanced Special,"Alaska, Pedro Bay",
Tatra FORCE T815-7,Engageable,"Don, Factory Grounds",
Tatra FORCE T815-7,Fine-tune,"Wisconsin, Grainwoods River",
Tatra FORCE T815-7,IMZ-8 520 AT,"Taymyr, Drowned Lands",
Tatra FORCE T815-7,KZGT-8 530 T,"Taymyr, Zimnegorsk",
Tatra FORCE T815-7,Multipurpose,"Yukon, Big Salmon Peak",
Tatra M813,Advanced Special,"Alaska, Pedro Bay",
Tatra M813,Fine-tune,"Wisconsin, Grainwoods River",
Tatra M813,IMZ-8 520 AT,"Taymyr, Drowned Lands",
Tatra M813,KZGT-8 530 T,"Taymyr, Zimnegorsk",
Tatra M813,Multipurpose,"Yukon, Big Salmon Peak",
Tatra PHOENIX,"Azov AM-8 15,3","Taymyr, Quarry",
Tatra PHOENIX,"Azov AM-8 16,1","Taymyr, Zimnegorsk",
Tatra PHOENIX,Engageable,"Don, Antonovskiy Nature Reserve",
Tatra PHOENIX,Fine-tune,"Wisconsin, Black Badger Lake",
Tatra PHOENIX,Highrange,"Alaska, Mountain River",
Tatra PHOENIX,"IMZ-8 17,0T","Amur, Cosmodrome",
Tatra PHOENIX,Offroad,"Michigan, Drummond Island",
Tayga 6436,Fine-tune,"Wisconsin, Black Badger Lake",
Tayga 6436,Highrange,"Alaska, Mountain River",
Tayga 6436,IMZ-8 330-T,"Taymyr, Zimnegorsk",
Tayga 6436,LAZ 8 T290,"Taymyr, Quarry",
Tayga 6436,Offroad,"Michigan, Drummond Island",
Tayga 6436,Raised,"Taymyr, Zimnegorsk",
Tayga 6455B,Fine-tune,"Wisconsin, Black Badger Lake",
Tayga 6455B,Highrange,"Alaska, Mountain River",
Tayga 6455B,IMZ-8 330-T,"Taymyr, Zimnegorsk",
Tayga 6455B,LAZ 8 T290,"Taymyr, Quarry",
Tayga 6455B,Offroad,"Michigan, Drummond Island",
Tayga 6455B,Raised,"Maine, Yellowrock National Forest",
Voron AE-4380,Fine-tune,"Wisconsin, Black Badger Lake",
Voron AE-4380,Highrange,"Alaska, Mountain River",
Voron AE-4380,IMZ-8 330-T,"Taymyr, Zimnegorsk",
Voron AE-4380,LAZ 8 T290,"Taymyr, Quarry",
Voron AE-4380,Metal Detector Module,"Kola Peninsula, Imandra",
Voron AE-4380,Offroad,"Michigan, Drummond Island",
Voron AE-4380,Raised,"Taymyr, Rift",
Voron D-53233,IMZ-8 330-T,"Taymyr, Zimnegorsk",
Voron D-53233,LAZ 8 T290,"Taymyr, Quarry",
Voron D-53233,Metal Detector Module,"Kola Peninsula, Imandra",
Voron D-53233,Raised,"Taymyr, Drowned Lands",
Voron Grad,"Azov AM-8 15,3","Taymyr, Quarry",
Voron Grad,"Azov AM-8 16,1","Taymyr, Zimnegorsk",
Voron Grad,Fine-tune,"Wisconsin, Black Badger Lake",
Voron Grad,Highrange,"Alaska, Mountain River",
Voron Grad,"IMZ-8 17,0T","Amur, Cosmodrome",
Voron Grad,Offroad,"Michigan, Drummond Island",
Voron Grad,Raised,"Taymyr, Drowned Lands",
Western Star 47X NF 1424,Fine-tune,"Wisconsin, Black Badger Lake",
Western Star 47X NF 1424,Gb-8V 2600TTA,"Alaska, North Port",
Western Star 47X NF 1424,Gb-8V 2700T,"Alaska, Mountain River",
Western Star 47X NF 1424,Highrange,"Alaska, Mountain River",
Western Star 47X NF 1424,Offroad,"Michigan, Drummond Island",
Western Star 47X NF 1430,Fine-tune,"Wisconsin, Black Badger Lake",
Western Star 47X NF 1430,Gb-8V 2600TTA,"Alaska, North Port",
Western Star 47X NF 1430,Gb-8V 2700T,"Alaska, Mountain River",
Western Star 47X NF 1430,Highrange,"Alaska, Mountain River",
Western Star 47X NF 1430,Offroad,"Michigan, Drummond Island",
Western Star 49X,Fine-tune,"Wisconsin, Black Badger Lake",
Western Star 49X,Gb-8V 2600TTA,"Alaska, North Port",
Western Star 49X,Gb-8V 2700T,"Alaska, Mountain River",
Western Star 49X,Highrange,"Alaska, Mountain River",
Western Star 49X,Metal Detector Module,"Kola Peninsula, Imandra",
Western Star 49X,Offroad,"Michigan, Drummond Island",
Western Star 57X,Fine-tune,"Wisconsin, Black Badger Lake",
Western Star 57X,Gb-8V 2600TTA,"Alaska, North Port",
Western Star 57X,Gb-8V 2700T,"Alaska, Mountain River",
Western Star 57X,Highrange,"Alaska, Mountain River",
Western Star 57X,Offroad,"Michigan, Drummond Island",
Western Star 6900 TwinSteer,Engageable AWD,"Kola Peninsula, Imandra",
Western Star 6900 TwinSteer,Fine-tune,"Wisconsin, Black Badger Lake",
Western Star 6900 TwinSteer,Highrange,"Alaska, Mountain River",
Western Star 6900 TwinSteer,Offroad,"Michigan, Drummond Island",
Western Star 6900 TwinSteer,Raised,"Alaska, White Valley",
Western Star 6900 TwinSteer,Westline V16 M2300,"Alaska, North Port",
Western Star 6900 TwinSteer,Westline V16 M2450,"Alaska, Pedro Bay",
White Western Star 4964,Engageable,"Michigan, Island Lake",
White Western Star 4964,Engageable AWD,"Michigan, Smithville Dam",
White Western Star 4964,Fine-tune,"Wisconsin, Black Badger Lake",
White Western Star 4964,Highrange,"Alaska, Mountain River",
White Western Star 4964,Offroad,"Michigan, Drummond Island",
White Western Star 4964,Raised,"Michigan, Smithville Dam",
White Western Star 4964,Si-6V/2100T,"Michigan, Black River",
White Western Star 4964,Westline V6 2350T,"Alaska, Mountain River",
YAR 87,Azov AM-4v 146,"Taymyr, Rift",
YAR 87,Azov AM-4v 160,"Taymyr, Zimnegorsk",
YAR 87,Fine-tune,"Wisconsin, Grainwoods River",
YAR 87,Freeway,"Michigan, Smithville Dam",
YAR 87,SnowRunner,"Michigan, Black River",
ZiKZ 5368,Engageable,"Taymyr, Drowned Lands",
ZiKZ 5368,Fine-tune,"Wisconsin, Black Badger Lake",
ZiKZ 5368,Highrange,"Alaska, Mountain River",
ZiKZ 5368,IMZ-6 210,"Taymyr, Quarry",
ZiKZ 5368,LAZ 6 T195,"Taymyr, Rift",
ZiKZ 5368,LAZ 6 TA240,"Yukon, Flooded Foothills",
ZiKZ 5368,Metal Detector Module,"Kola Peninsula, Imandra",
ZiKZ 5368,Offroad,"Michigan, Drummond Island",
ZiKZ 5368,Raised,"Taymyr, Quarry",
ZiKZ 566A,Fine-tune,"Wisconsin, Black Badger Lake",
ZiKZ 566A,Highrange,"Alaska, Mountain River",
ZiKZ 566A,IMZ-6 210,"Taymyr, Quarry",
ZiKZ 566A,IMZ-6 370,"Ontario, The Albany River",
ZiKZ 566A,LAZ 6 T195,"Taymyr, Rift",
ZiKZ 566A,LAZ 6 TA240,"Yukon, Flooded Foothills",
ZiKZ 566A,Raised,"Ontario, Burned Forest",
ZiKZ 605R,Advanced Special,"Alaska, Pedro Bay",
ZiKZ 605R,Fine-tune,"Wisconsin, Grainwoods River",
ZiKZ 605R,IMZ-8 520 AT,"Taymyr, Drowned Lands",
ZiKZ 605R,KZGT-8 530 T,"Taymyr, Zimnegorsk",
